
INSERT INTO USER VALUES(1, 'Mark', 'Ward');
INSERT INTO USER VALUES(2, 'Peter', 'Young');
INSERT INTO USER VALUES(3, 'John', 'Allen');
INSERT INTO USER VALUES(4, 'Oliver', 'Anderson');
INSERT INTO USER VALUES(5, 'George', 'Price');
INSERT INTO USER VALUES(6, 'Noah', 'Harrison');
INSERT INTO USER VALUES(7, 'Jacob', 'Adams');
INSERT INTO USER VALUES(8, 'Leo', 'Rogers');
INSERT INTO USER VALUES(9, 'Harry', 'Murphy');

INSERT INTO AUTHOR VALUES(1, 'Elizabeth', 'Smart');
INSERT INTO AUTHOR VALUES(2, 'Dan', 'Simmons');
INSERT INTO AUTHOR VALUES(3, 'Aldus', 'Huxley');
INSERT INTO AUTHOR VALUES(4, 'Brian', 'Keenan');
INSERT INTO AUTHOR VALUES(5, 'Charles', 'Dickens');

INSERT INTO DICTIONARY_CATEGORY VALUES(1, 'Horror');
INSERT INTO DICTIONARY_CATEGORY VALUES(2, 'Fantasy');
INSERT INTO DICTIONARY_CATEGORY VALUES(3, 'Comedy');
INSERT INTO DICTIONARY_CATEGORY VALUES(4, 'Drama');

INSERT INTO BOOK(id, isbn, title, number_of_pages, release_date, author_id, borrower_id) VALUES(1, '178-3-16-148410-0', 'Time To Kill', 150, '1998-07-01', 1 , 1);
INSERT INTO BOOK(id, isbn, title, number_of_pages, release_date, author_id, borrower_id) VALUES(2, '278-3-16-148410-0', 'Alien Corn', 252, '1992-03-23', 2 , 2);
INSERT INTO BOOK(id, isbn, title, number_of_pages, release_date, author_id, borrower_id) VALUES(3, '378-3-16-148410-0', 'All Passion Spent', 321, '1993-03-28', 4 , 3);
INSERT INTO BOOK(id, isbn, title, number_of_pages, release_date, author_id, borrower_id) VALUES(4, '478-3-16-148410-0', 'An Acceptable Time', 44, '1994-02-21', 1 , 4);
INSERT INTO BOOK(id, isbn, title, number_of_pages, release_date, author_id, borrower_id) VALUES(5, '578-3-16-148410-0', 'Antic Hay', 10, '1995-07-28', 2 , 5);
INSERT INTO BOOK(id, isbn, title, number_of_pages, release_date, author_id, borrower_id) VALUES(6, '678-3-16-148410-0', 'An Evil Cradling', 1500, '1996-12-18', 3 , null);
INSERT INTO BOOK(id, isbn, title, number_of_pages, release_date, author_id, borrower_id) VALUES(7, '778-3-16-148410-0', 'Arms and the Man', 750, '1997-04-28', 5 , null);
INSERT INTO BOOK(id, isbn, title, number_of_pages, release_date, author_id, borrower_id) VALUES(8, '872-3-16-148410-0', 'Absalom, Absalom!', 434, '1991-02-28', 2 , null);
INSERT INTO BOOK(id, isbn, title, number_of_pages, release_date, author_id, borrower_id) VALUES(9, '878-3-16-148410-0', 'Beneath the Bleeding', 222, '2001-03-21', 2 , 1);
INSERT INTO BOOK(id, isbn, title, number_of_pages, release_date, author_id, borrower_id) VALUES(10, '999-3-16-148410-0', 'Beyond the Mexique Bay', 333, '1965-03-28', 3 , 2);
INSERT INTO BOOK(id, isbn, title, number_of_pages, release_date, author_id, borrower_id) VALUES(11, '111-3-16-148410-0', 'Blithe Spirit', 142, '1985-03-28', 2 , 4);
INSERT INTO BOOK(id, isbn, title, number_of_pages, release_date, author_id, borrower_id) VALUES(12, '222-3-16-148410-0', 'Blood''s a Rover', 112, '1982-03-28', 5 , null );
INSERT INTO BOOK(id, isbn, title, number_of_pages, release_date, author_id, borrower_id) VALUES(13, '333-3-16-148410-0', 'Blue Remembered Earth', 122, '1998-03-28', 5 , 9);
INSERT INTO BOOK(id, isbn, title, number_of_pages, release_date, author_id, borrower_id) VALUES(14, '555-3-16-148410-0', 'Bury My Heart at Wounded Knee', 231, '1998-03-28', 3 , null);
INSERT INTO BOOK(id, isbn, title, number_of_pages, release_date, author_id, borrower_id) VALUES(15, '444-3-16-148410-0', 'Carrion Comfort', 5, '1996-12-28', 4 , 7);
INSERT INTO BOOK(id, isbn, title, number_of_pages, release_date, author_id, borrower_id) VALUES(16, '878-3-16-148410-0', 'The Children of Men', 29, '1995-11-28', 5 , 6);
INSERT INTO BOOK(id, isbn, title, number_of_pages, release_date, author_id, borrower_id) VALUES(17, '777-3-16-148410-0', 'Tale of two cats', 2000, '1993-01-12', 5 , 6);
INSERT INTO BOOK(id, isbn, title, number_of_pages, release_date, author_id, borrower_id) VALUES(18, '666-3-16-148410-0', 'Zorro', 1, '1994-03-28', 5 , 6);
INSERT INTO BOOK(id, isbn, title, number_of_pages, release_date, author_id, borrower_id) VALUES(19, '653-3-16-148410-0', 'History of Animals', 1, '1992-03-28', 5 , 6);
INSERT INTO BOOK(id, isbn, title, number_of_pages, release_date, author_id, borrower_id) VALUES(20, '321-3-16-148410-0', 'Math for Students', 1, '1954-03-28', 2 , 2);
INSERT INTO BOOK(id, isbn, title, number_of_pages, release_date, author_id, borrower_id) VALUES(21, '123-3-16-148410-0', 'Electronics', 1, '2018-03-28', 5 , 1);
INSERT INTO BOOK(id, isbn, title, number_of_pages, release_date, author_id, borrower_id) VALUES(22, '123-3-16-148410-0', 'Spy', 1, '1962-03-28', 3 , 6);

INSERT INTO BOOK_DICTIONARY_CATEGORY VALUES(1, 1);
INSERT INTO BOOK_DICTIONARY_CATEGORY VALUES(1, 2);
INSERT INTO BOOK_DICTIONARY_CATEGORY VALUES(1, 4);
INSERT INTO BOOK_DICTIONARY_CATEGORY VALUES(1, 3);
INSERT INTO BOOK_DICTIONARY_CATEGORY VALUES(2, 1);
INSERT INTO BOOK_DICTIONARY_CATEGORY VALUES(2, 4);
INSERT INTO BOOK_DICTIONARY_CATEGORY VALUES(3, 1);
INSERT INTO BOOK_DICTIONARY_CATEGORY VALUES(4, 1);
INSERT INTO BOOK_DICTIONARY_CATEGORY VALUES(4, 4);
INSERT INTO BOOK_DICTIONARY_CATEGORY VALUES(4, 3);
INSERT INTO BOOK_DICTIONARY_CATEGORY VALUES(5, 1);
INSERT INTO BOOK_DICTIONARY_CATEGORY VALUES(6, 1);
INSERT INTO BOOK_DICTIONARY_CATEGORY VALUES(6, 4);
INSERT INTO BOOK_DICTIONARY_CATEGORY VALUES(7, 1);
INSERT INTO BOOK_DICTIONARY_CATEGORY VALUES(8, 2);
INSERT INTO BOOK_DICTIONARY_CATEGORY VALUES(9, 4);
INSERT INTO BOOK_DICTIONARY_CATEGORY VALUES(10, 4);
INSERT INTO BOOK_DICTIONARY_CATEGORY VALUES(10, 2);
INSERT INTO BOOK_DICTIONARY_CATEGORY VALUES(10, 1);
INSERT INTO BOOK_DICTIONARY_CATEGORY VALUES(11, 1);
INSERT INTO BOOK_DICTIONARY_CATEGORY VALUES(12, 1);
INSERT INTO BOOK_DICTIONARY_CATEGORY VALUES(13, 1);
INSERT INTO BOOK_DICTIONARY_CATEGORY VALUES(14, 2);
INSERT INTO BOOK_DICTIONARY_CATEGORY VALUES(15, 3);
INSERT INTO BOOK_DICTIONARY_CATEGORY VALUES(15, 4);
INSERT INTO BOOK_DICTIONARY_CATEGORY VALUES(16, 3);
INSERT INTO BOOK_DICTIONARY_CATEGORY VALUES(17, 2);
INSERT INTO BOOK_DICTIONARY_CATEGORY VALUES(17, 1);
INSERT INTO BOOK_DICTIONARY_CATEGORY VALUES(17, 3);
INSERT INTO BOOK_DICTIONARY_CATEGORY VALUES(18, 2);
INSERT INTO BOOK_DICTIONARY_CATEGORY VALUES(19, 3);
INSERT INTO BOOK_DICTIONARY_CATEGORY VALUES(20, 4);
INSERT INTO BOOK_DICTIONARY_CATEGORY VALUES(21, 1);
INSERT INTO BOOK_DICTIONARY_CATEGORY VALUES(22, 1);
